runid, cl1et,cl1cp, cl2et, cl2cp, SSAS_TIME, DSAS_TIME, IRLM_TIME,  DDF_TIME,lock_req,unlock_req,claim_req,sync_xes_lock,synch_xes_unlock,tot_getpages,TOT_GETM_STORAGE,TOT_VAR_STORAGE,TOT_AGENT_LOC_STRG,TOT_AGENT_SYS_STRG,TOT_FIXED_STORAGE,TOT_GETM_STCK_STOR,A2GB_SHR_REALF_TS,A2GB_SHR_REALF_STK
"D170310A",+000001331.626667,+00000000394.246184,+000000982.440905,+00000000122.320469,+000000000016.669590,+000000000012.279220,+000000000000.356332,+000000000000.002638,+1.02905430000000E+007,+1.30441000000000E+005,+5.70253000000000E+005,+5.65950000000000E+004,+3.04840000000000E+004,+3.05535130000000E+007,+1.33000000000000E+000,+6.67000000000000E+000,+4.18000000000000E+000,+3.03000000000000E+000,+1.40000000000000E-001,+1.22200000000000E+001,+1.75470000000000E+002,+5.74600000000000E+001
"D170220A",+000001349.462868,+00000000396.041636,+000000990.341606,+00000000124.389939,+000000000017.034732,+000000000012.417259,+000000000000.358120,+000000000000.002610,+1.02862050000000E+007,+1.29003000000000E+005,+5.67328000000000E+005,+5.72530000000000E+004,+3.05280000000000E+004,+4.40011550000000E+007,+1.93000000000000E+000,+8.24000000000000E+000,+5.70000000000000E+000,+4.26000000000000E+000,+2.30000000000000E-001,+1.57000000000000E+001,+1.89200000000000E+002,+5.97400000000000E+001
"D170120B",+000001395.045562,+00000000397.736058,+000001036.851057,+00000000125.870393,+000000000016.955822,+000000000012.612318,+000000000000.345078,+000000000000.002759,+1.02853510000000E+007,+1.28723000000000E+005,+5.66771000000000E+005,+6.31690000000000E+004,+3.65310000000000E+004,+2.87090070000000E+007,+2.90000000000000E-001,+9.20000000000000E-001,+4.50000000000000E-001,+2.00000000000000E-001,+8.00000000000000E-002,+4.96000000000000E+000,+1.63700000000000E+001,+2.44300000000000E+001
"D170120B",+000001395.045562,+00000000397.736058,+000001036.851057,+00000000125.870393,+000000000016.955822,+000000000012.612318,+000000000000.345078,+000000000000.002759,+1.02853510000000E+007,+1.28723000000000E+005,+5.66771000000000E+005,+6.31690000000000E+004,+3.65310000000000E+004,+2.87090070000000E+007,+2.38000000000000E+000,+7.78000000000000E+000,+5.23000000000000E+000,+3.68000000000000E+000,+2.30000000000000E-001,+1.61800000000000E+001,+8.56900000000000E+001,+5.91300000000000E+001
"D170120B",+000001395.045562,+00000000397.736058,+000001036.851057,+00000000125.870393,+000000000046.241904,+000000000078.160061,+000000000004.448961,+000000000000.002839,+1.02853510000000E+007,+1.28723000000000E+005,+5.66771000000000E+005,+6.31690000000000E+004,+3.65310000000000E+004,+2.87090070000000E+007,+2.90000000000000E-001,+9.20000000000000E-001,+4.50000000000000E-001,+2.00000000000000E-001,+8.00000000000000E-002,+4.96000000000000E+000,+1.63700000000000E+001,+2.44300000000000E+001
"D170120B",+000001395.045562,+00000000397.736058,+000001036.851057,+00000000125.870393,+000000000046.241904,+000000000078.160061,+000000000004.448961,+000000000000.002839,+1.02853510000000E+007,+1.28723000000000E+005,+5.66771000000000E+005,+6.31690000000000E+004,+3.65310000000000E+004,+2.87090070000000E+007,+2.38000000000000E+000,+7.78000000000000E+000,+5.23000000000000E+000,+3.68000000000000E+000,+2.30000000000000E-001,+1.61800000000000E+001,+8.56900000000000E+001,+5.91300000000000E+001
"D170301C",+000001460.323898,+00000000400.386022,+000001101.233013,+00000000128.546682,+000000000018.905002,+000000000018.789688,+000000000000.384177,+000000000000.002974,+1.02870940000000E+007,+1.29314000000000E+005,+5.67922000000000E+005,+5.71730000000000E+004,+3.05800000000000E+004,+4.41667190000000E+007,+1.97000000000000E+000,+8.57000000000000E+000,+6.01000000000000E+000,+4.81000000000000E+000,+2.30000000000000E-001,+1.63300000000000E+001,+1.88810000000000E+002,+6.41800000000000E+001
"D170220A",+000003670.633198,+00000000475.211260,+000003375.161543,+00000000203.293830,+000000000017.034732,+000000000012.417259,+000000000000.358120,+000000000000.002610,+1.02957140000000E+007,+1.32266000000000E+005,+5.73583000000000E+005,+9.24426100000000E+006,+5.84297000000000E+005,+4.40011550000000E+007,+1.93000000000000E+000,+8.24000000000000E+000,+5.70000000000000E+000,+4.26000000000000E+000,+2.30000000000000E-001,+1.57000000000000E+001,+1.89200000000000E+002,+5.97400000000000E+001
"D170310A",+000003679.745979,+00000000474.907344,+000003380.948021,+00000000202.703404,+000000000016.669590,+000000000012.279220,+000000000000.356332,+000000000000.002638,+1.02958620000000E+007,+1.32333000000000E+005,+5.73690000000000E+005,+9.23993200000000E+006,+5.79815000000000E+005,+3.05535130000000E+007,+1.33000000000000E+000,+6.67000000000000E+000,+4.18000000000000E+000,+3.03000000000000E+000,+1.40000000000000E-001,+1.22200000000000E+001,+1.75470000000000E+002,+5.74600000000000E+001
"D170301C",+000004125.868045,+00000000500.988881,+000003840.061172,+00000000228.824681,+000000000018.905002,+000000000018.789688,+000000000000.384177,+000000000000.002974,+1.03923890000000E+007,+1.31632000000000E+005,+6.70909000000000E+005,+1.16117540000000E+007,+6.74448000000000E+005,+4.41667190000000E+007,+1.97000000000000E+000,+8.57000000000000E+000,+6.01000000000000E+000,+4.81000000000000E+000,+2.30000000000000E-001,+1.63300000000000E+001,+1.88810000000000E+002,+6.41800000000000E+001
"D170414A",+000005419.158753,+00000000438.313803,+000005113.809234,+00000000166.049972,+000000000041.037898,+000000000065.879595,+000000000043.003476,+000000000000.004104,+1.02745180000000E+007,+1.25109000000000E+005,+5.59407000000000E+005,+2.37309800000000E+006,+3.64085000000000E+005,+1.50803510000000E+007,+2.23000000000000E+000,+7.52000000000000E+000,+4.96000000000000E+000,+3.58000000000000E+000,+2.00000000000000E-001,+1.54600000000000E+001,+9.00500000000000E+001,+5.77000000000000E+001
"D170429A",+000005666.549383,+00000000446.090975,+000005334.961781,+00000000173.384427,+000000000037.098868,+000000000178.456145,+000000000022.958491,+000000000000.003560,+1.02814400000000E+007,+1.27456000000000E+005,+5.64149000000000E+005,+3.35749600000000E+006,+3.60854000000000E+005,+1.55368750000000E+007,+2.31000000000000E+000,+7.63000000000000E+000,+5.07000000000000E+000,+3.55000000000000E+000,+2.30000000000000E-001,+1.56000000000000E+001,+8.52800000000000E+001,+5.83200000000000E+001
"D170325E",+000005659.256157,+00000000511.741925,+000005360.958534,+00000000238.313484,+000000000041.016361,+000000000116.477877,+000000000038.906358,+000000000000.004357,+1.02815930000000E+007,+1.27635000000000E+005,+5.64062000000000E+005,+1.21827260000000E+007,+8.47411000000000E+005,+3.29838430000000E+007,+1.72000000000000E+000,+6.91000000000000E+000,+4.38000000000000E+000,+3.25000000000000E+000,+1.40000000000000E-001,+1.34500000000000E+001,+8.53500000000000E+001,+5.86600000000000E+001
"D170408A",+000005811.494642,+00000000525.790846,+000005520.903955,+00000000252.787784,+000000000037.967196,+000000000112.524698,+000000000037.707969,+000000000000.004653,+1.02822760000000E+007,+1.27846000000000E+005,+5.64519000000000E+005,+1.33666760000000E+007,+9.21427000000000E+005,+3.28830000000000E+007,+1.81000000000000E+000,+7.01000000000000E+000,+4.50000000000000E+000,+3.18000000000000E+000,+1.40000000000000E-001,+1.39300000000000E+001,+8.15700000000000E+001,+5.89100000000000E+001
"D170421A",+000006045.466593,+00000000425.096915,+000005721.552900,+00000000153.005016,+000000000033.814894,+000000000104.437451,+000000000031.306601,+000000000000.004374,+1.02787460000000E+007,+1.26544000000000E+005,+5.62288000000000E+005,+6.30998000000000E+005,+2.42023000000000E+005,+1.55227520000000E+007,+1.96000000000000E+000,+7.39000000000000E+000,+4.85000000000000E+000,+3.30000000000000E+000,+2.00000000000000E-001,+1.45800000000000E+001,+8.53400000000000E+001,+6.02300000000000E+001
"D170408A",+000006062.354839,+00000000436.698182,+000005746.067049,+00000000164.238955,+000000000037.967196,+000000000112.524698,+000000000037.707969,+000000000000.004653,+1.02789640000000E+007,+1.26658000000000E+005,+5.62399000000000E+005,+1.88659100000000E+006,+3.06411000000000E+005,+3.28830000000000E+007,+1.81000000000000E+000,+7.01000000000000E+000,+4.50000000000000E+000,+3.18000000000000E+000,+1.40000000000000E-001,+1.39300000000000E+001,+8.15700000000000E+001,+5.89100000000000E+001
"D170131A",+000006071.413259,+00000000497.554198,+000005774.809852,+00000000224.572315,+000000000060.518465,+000000000114.383680,+000000000049.536426,+000000000000.004346,+1.02767580000000E+007,+1.25932000000000E+005,+5.60802000000000E+005,+1.09905800000000E+007,+8.24576000000000E+005,+1.40159740000000E+007,+2.57000000000000E+000,+8.01000000000000E+000,+5.44000000000000E+000,+3.94000000000000E+000,+2.30000000000000E-001,+1.71600000000000E+001,+8.95500000000000E+001,+5.94500000000000E+001
"D170325E",+000006093.201527,+00000000445.598834,+000005784.793793,+00000000172.738475,+000000000041.016361,+000000000116.477877,+000000000038.906358,+000000000000.004357,+1.02768560000000E+007,+1.25936000000000E+005,+5.60977000000000E+005,+3.17381300000000E+006,+3.61839000000000E+005,+3.29838430000000E+007,+1.72000000000000E+000,+6.91000000000000E+000,+4.38000000000000E+000,+3.25000000000000E+000,+1.40000000000000E-001,+1.34500000000000E+001,+8.53500000000000E+001,+5.86600000000000E+001
"D170315A",+000006168.972179,+00000000505.925526,+000005867.507491,+00000000232.836871,+000000000063.710882,+000000000135.981193,+000000000051.868451,+000000000000.004443,+1.02789070000000E+007,+1.26617000000000E+005,+5.62257000000000E+005,+1.11781720000000E+007,+8.58077000000000E+005,+2.94737070000000E+007,+1.61000000000000E+000,+7.24000000000000E+000,+4.74000000000000E+000,+3.15000000000000E+000,+2.00000000000000E-001,+1.37300000000000E+001,+1.80780000000000E+002,+5.95800000000000E+001
"D170203A",+000006199.498256,+00000000507.945446,+000005902.241503,+00000000235.163256,+000000000065.805478,+000000000145.284698,+000000000050.923149,+000000000000.004612,+1.02783040000000E+007,+1.26430000000000E+005,+5.61862000000000E+005,+1.13427310000000E+007,+8.93458000000000E+005,+2.95755300000000E+007,+1.77000000000000E+000,+7.16000000000000E+000,+4.64000000000000E+000,+3.20000000000000E+000,+2.00000000000000E-001,+1.40200000000000E+001,+8.75800000000000E+001,+5.88900000000000E+001
"D170222A",+000006223.960549,+00000000500.591670,+000005926.944276,+00000000227.621200,+000000000064.473058,+000000000129.165082,+000000000051.011406,+000000000000.004617,+1.02741970000000E+007,+1.25079000000000E+005,+5.59141000000000E+005,+1.13085140000000E+007,+8.78124000000000E+005,+3.21003910000000E+007,+1.17000000000000E+000,+8.43000000000000E+000,+5.89000000000000E+000,+4.66000000000000E+000,+2.30000000000000E-001,+1.43500000000000E+001,+1.87030000000000E+002,+6.32900000000000E+001
"D170206A",+000006231.990300,+00000000507.860862,+000005934.823716,+00000000235.153629,+000000000062.492304,+000000000129.991276,+000000000052.804152,+000000000000.004491,+1.02805450000000E+007,+1.27171000000000E+005,+5.63375000000000E+005,+1.10332210000000E+007,+8.28257000000000E+005,+2.85225070000000E+007,+1.35000000000000E+000,+6.79000000000000E+000,+4.29000000000000E+000,+2.86000000000000E+000,+1.40000000000000E-001,+1.26500000000000E+001,+1.77170000000000E+002,+5.78700000000000E+001
"D170317A",+000006265.768039,+00000000504.493760,+000005966.790401,+00000000231.420246,+000000000062.590202,+000000000129.305136,+000000000052.892967,+000000000000.004579,+1.02772440000000E+007,+1.26066000000000E+005,+5.61155000000000E+005,+1.11891560000000E+007,+8.47184000000000E+005,+2.88642120000000E+007,+1.80000000000000E+000,+7.38000000000000E+000,+4.85000000000000E+000,+3.42000000000000E+000,+2.00000000000000E-001,+1.44600000000000E+001,+1.78460000000000E+002,+5.92100000000000E+001
"D170308A",+000006266.897379,+00000000508.423140,+000005968.914036,+00000000235.837636,+000000000064.456628,+000000000145.863678,+000000000051.798183,+000000000000.004870,+1.02793120000000E+007,+1.26764000000000E+005,+5.62514000000000E+005,+1.12634910000000E+007,+8.76365000000000E+005,+3.25046910000000E+007,+1.22000000000000E+000,+7.34000000000000E+000,+4.84000000000000E+000,+3.50000000000000E+000,+2.00000000000000E-001,+1.32000000000000E+001,+1.79670000000000E+002,+5.97700000000000E+001
"D170306B",+000006276.580641,+00000000515.611378,+000005976.371223,+00000000242.170758,+000000000065.847513,+000000000144.322358,+000000000052.038439,+000000000000.004732,+1.02802520000000E+007,+1.27094000000000E+005,+5.63148000000000E+005,+1.13359660000000E+007,+8.91027000000000E+005,+3.19037420000000E+007,+1.41000000000000E+000,+7.42000000000000E+000,+4.91000000000000E+000,+3.38000000000000E+000,+2.00000000000000E-001,+1.35200000000000E+001,+1.78610000000000E+002,+6.11300000000000E+001
"D170224A",+000006278.411157,+00000000498.088103,+000005980.852812,+00000000225.179371,+000000000062.955807,+000000000133.206096,+000000000050.334313,+000000000000.004459,+1.02762060000000E+007,+1.25702000000000E+005,+5.60501000000000E+005,+1.12774970000000E+007,+8.61809000000000E+005,+3.18569630000000E+007,+1.46000000000000E+000,+9.11000000000000E+000,+6.56000000000000E+000,+4.85000000000000E+000,+2.30000000000000E-001,+1.59300000000000E+001,+1.94210000000000E+002,+6.21100000000000E+001
"D170114B",+000006284.088659,+00000000513.143092,+000005983.772173,+00000000240.279033,+000000000067.884998,+000000000154.416185,+000000000051.056521,+000000000000.004616,+1.02809470000000E+007,+1.27341000000000E+005,+5.63640000000000E+005,+1.13597130000000E+007,+8.96926000000000E+005,+1.38530650000000E+007,+4.80000000000000E-001,+1.09000000000000E+000,+6.00000000000000E-001,+3.10000000000000E-001,+8.00000000000000E-002,+5.56000000000000E+000,+1.76700000000000E+001,+2.51000000000000E+001
"D170114B",+000006284.088659,+00000000513.143092,+000005983.772173,+00000000240.279033,+000000000067.884998,+000000000154.416185,+000000000051.056521,+000000000000.004616,+1.02809470000000E+007,+1.27341000000000E+005,+5.63640000000000E+005,+1.13597130000000E+007,+8.96926000000000E+005,+1.38530650000000E+007,+1.62000000000000E+000,+7.27000000000000E+000,+4.75000000000000E+000,+3.25000000000000E+000,+2.00000000000000E-001,+1.37300000000000E+001,+8.23300000000000E+001,+6.01500000000000E+001
"D170114B",+000006284.088659,+00000000513.143092,+000005983.772173,+00000000240.279033,+000000000069.691610,+000000000142.619254,+000000000052.600013,+000000000000.004663,+1.02809470000000E+007,+1.27341000000000E+005,+5.63640000000000E+005,+1.13597130000000E+007,+8.96926000000000E+005,+1.38530650000000E+007,+4.80000000000000E-001,+1.09000000000000E+000,+6.00000000000000E-001,+3.10000000000000E-001,+8.00000000000000E-002,+5.56000000000000E+000,+1.76700000000000E+001,+2.51000000000000E+001
"D170114B",+000006284.088659,+00000000513.143092,+000005983.772173,+00000000240.279033,+000000000069.691610,+000000000142.619254,+000000000052.600013,+000000000000.004663,+1.02809470000000E+007,+1.27341000000000E+005,+5.63640000000000E+005,+1.13597130000000E+007,+8.96926000000000E+005,+1.38530650000000E+007,+1.62000000000000E+000,+7.27000000000000E+000,+4.75000000000000E+000,+3.25000000000000E+000,+2.00000000000000E-001,+1.37300000000000E+001,+8.23300000000000E+001,+6.01500000000000E+001
"D170123A",+000006293.628021,+00000000516.452201,+000005993.380557,+00000000243.674106,+000000000069.714858,+000000000159.749049,+000000000049.446318,+000000000000.004698,+1.02815110000000E+007,+1.27517000000000E+005,+5.64009000000000E+005,+1.14083980000000E+007,+8.82929000000000E+005,+1.75552330000000E+007,+4.40000000000000E-001,+1.12000000000000E+000,+6.40000000000000E-001,+3.90000000000000E-001,+8.00000000000000E-002,+5.44000000000000E+000,+1.75900000000000E+001,+2.56400000000000E+001
"D170123A",+000006293.628021,+00000000516.452201,+000005993.380557,+00000000243.674106,+000000000069.714858,+000000000159.749049,+000000000049.446318,+000000000000.004698,+1.02815110000000E+007,+1.27517000000000E+005,+5.64009000000000E+005,+1.14083980000000E+007,+8.82929000000000E+005,+1.75552330000000E+007,+1.50000000000000E+000,+7.58000000000000E+000,+5.06000000000000E+000,+3.45000000000000E+000,+2.00000000000000E-001,+1.39300000000000E+001,+8.66500000000000E+001,+5.97800000000000E+001
"D170123A",+000006293.628021,+00000000516.452201,+000005993.380557,+00000000243.674106,+000000000068.345205,+000000000157.830182,+000000000052.917361,+000000000000.004491,+1.02815110000000E+007,+1.27517000000000E+005,+5.64009000000000E+005,+1.14083980000000E+007,+8.82929000000000E+005,+1.75552330000000E+007,+4.40000000000000E-001,+1.12000000000000E+000,+6.40000000000000E-001,+3.90000000000000E-001,+8.00000000000000E-002,+5.44000000000000E+000,+1.75900000000000E+001,+2.56400000000000E+001
"D170123A",+000006293.628021,+00000000516.452201,+000005993.380557,+00000000243.674106,+000000000068.345205,+000000000157.830182,+000000000052.917361,+000000000000.004491,+1.02815110000000E+007,+1.27517000000000E+005,+5.64009000000000E+005,+1.14083980000000E+007,+8.82929000000000E+005,+1.75552330000000E+007,+1.50000000000000E+000,+7.58000000000000E+000,+5.06000000000000E+000,+3.45000000000000E+000,+2.00000000000000E-001,+1.39300000000000E+001,+8.66500000000000E+001,+5.97800000000000E+001
"D170228A",+000006296.132579,+00000000515.843150,+000005994.947238,+00000000242.181577,+000000000064.586826,+000000000146.103664,+000000000050.680868,+000000000000.004566,+1.02796160000000E+007,+1.26908000000000E+005,+5.62709000000000E+005,+1.12423740000000E+007,+8.70797000000000E+005,+3.20454600000000E+007,+2.25000000000000E+000,+7.58000000000000E+000,+5.03000000000000E+000,+3.64000000000000E+000,+2.00000000000000E-001,+1.58000000000000E+001,+1.88350000000000E+002,+5.95900000000000E+001
"D170328A",+000006306.002516,+00000000466.387909,+000006004.402214,+00000000193.498375,+000000000049.716965,+000000000125.028098,+000000000048.291951,+000000000000.005089,+1.02748160000000E+007,+1.25250000000000E+005,+5.59587000000000E+005,+5.35378200000000E+006,+5.24429000000000E+005,+3.30599600000000E+007,+1.88000000000000E+000,+7.42000000000000E+000,+4.89000000000000E+000,+3.51000000000000E+000,+2.00000000000000E-001,+1.43900000000000E+001,+8.76000000000000E+001,+5.88800000000000E+001
"D170314A",+000006302.824324,+00000000508.098956,+000006004.915638,+00000000235.219583,+000000000063.611879,+000000000134.470446,+000000000050.105758,+000000000000.004576,+1.02788250000000E+007,+1.26575000000000E+005,+5.62205000000000E+005,+1.12342790000000E+007,+8.72128000000000E+005,+2.95508570000000E+007,+2.01000000000000E+000,+7.38000000000000E+000,+4.84000000000000E+000,+3.45000000000000E+000,+2.00000000000000E-001,+1.49800000000000E+001,+1.78130000000000E+002,+5.79100000000000E+001
"D170313A",+000006303.255731,+00000000512.088864,+000006005.062169,+00000000239.007612,+000000000064.701784,+000000000142.436190,+000000000050.636283,+000000000000.004650,+1.02792030000000E+007,+1.26717000000000E+005,+5.62466000000000E+005,+1.13882410000000E+007,+8.91111000000000E+005,+2.99645140000000E+007,+2.43000000000000E+000,+8.57000000000000E+000,+6.00000000000000E+000,+4.52000000000000E+000,+2.30000000000000E-001,+1.71300000000000E+001,+1.88840000000000E+002,+5.94900000000000E+001
"D170114E",+000006318.256998,+00000000516.541473,+000006017.379972,+00000000243.547521,+000000000068.025994,+000000000171.109546,+000000000052.648241,+000000000000.004579,+1.02804580000000E+007,+1.27164000000000E+005,+5.63317000000000E+005,+1.14490620000000E+007,+9.11347000000000E+005,+1.44848780000000E+007,+5.00000000000000E-001,+1.13000000000000E+000,+6.00000000000000E-001,+3.60000000000000E-001,+8.00000000000000E-002,+5.45000000000000E+000,+1.76500000000000E+001,+2.58000000000000E+001
"D170114E",+000006318.256998,+00000000516.541473,+000006017.379972,+00000000243.547521,+000000000068.025994,+000000000171.109546,+000000000052.648241,+000000000000.004579,+1.02804580000000E+007,+1.27164000000000E+005,+5.63317000000000E+005,+1.14490620000000E+007,+9.11347000000000E+005,+1.44848780000000E+007,+1.55000000000000E+000,+7.95000000000000E+000,+5.41000000000000E+000,+3.94000000000000E+000,+2.30000000000000E-001,+1.45400000000000E+001,+9.01000000000000E+001,+6.04000000000000E+001
"D170114E",+000006318.256998,+00000000516.541473,+000006017.379972,+00000000243.547521,+000000000068.958411,+000000000170.789035,+000000000053.347388,+000000000000.004774,+1.02804580000000E+007,+1.27164000000000E+005,+5.63317000000000E+005,+1.14490620000000E+007,+9.11347000000000E+005,+1.44848780000000E+007,+5.00000000000000E-001,+1.13000000000000E+000,+6.00000000000000E-001,+3.60000000000000E-001,+8.00000000000000E-002,+5.45000000000000E+000,+1.76500000000000E+001,+2.58000000000000E+001
"D170114E",+000006318.256998,+00000000516.541473,+000006017.379972,+00000000243.547521,+000000000068.958411,+000000000170.789035,+000000000053.347388,+000000000000.004774,+1.02804580000000E+007,+1.27164000000000E+005,+5.63317000000000E+005,+1.14490620000000E+007,+9.11347000000000E+005,+1.44848780000000E+007,+1.55000000000000E+000,+7.95000000000000E+000,+5.41000000000000E+000,+3.94000000000000E+000,+2.30000000000000E-001,+1.45400000000000E+001,+9.01000000000000E+001,+6.04000000000000E+001
"D170223A",+000006315.656632,+00000000500.102398,+000006019.495839,+00000000227.442658,+000000000063.981172,+000000000131.852995,+000000000050.688538,+000000000000.004623,+1.02749480000000E+007,+1.25318000000000E+005,+5.59628000000000E+005,+1.13136350000000E+007,+8.78093000000000E+005,+3.25838080000000E+007,+2.36000000000000E+000,+7.61000000000000E+000,+5.06000000000000E+000,+3.63000000000000E+000,+2.00000000000000E-001,+1.58500000000000E+001,+1.80700000000000E+002,+5.92500000000000E+001
"D170119A",+000006317.479369,+00000000520.488694,+000006019.612910,+00000000247.443713,+000000000067.078212,+000000000157.973393,+000000000051.870269,+000000000000.004472,+1.02810510000000E+007,+1.27358000000000E+005,+5.63686000000000E+005,+1.13203300000000E+007,+8.99051000000000E+005,+1.74922290000000E+007,+4.90000000000000E-001,+1.04000000000000E+000,+5.40000000000000E-001,+2.90000000000000E-001,+8.00000000000000E-002,+5.46000000000000E+000,+1.73800000000000E+001,+2.51600000000000E+001
"D170119A",+000006317.479369,+00000000520.488694,+000006019.612910,+00000000247.443713,+000000000067.078212,+000000000157.973393,+000000000051.870269,+000000000000.004472,+1.02810510000000E+007,+1.27358000000000E+005,+5.63686000000000E+005,+1.13203300000000E+007,+8.99051000000000E+005,+1.74922290000000E+007,+2.36000000000000E+000,+7.78000000000000E+000,+5.21000000000000E+000,+3.83000000000000E+000,+2.30000000000000E-001,+1.59300000000000E+001,+9.31000000000000E+001,+5.89300000000000E+001
"D170119A",+000006317.479369,+00000000520.488694,+000006019.612910,+00000000247.443713,+000000000069.525886,+000000000147.084384,+000000000052.224164,+000000000000.004553,+1.02810510000000E+007,+1.27358000000000E+005,+5.63686000000000E+005,+1.13203300000000E+007,+8.99051000000000E+005,+1.74922290000000E+007,+4.90000000000000E-001,+1.04000000000000E+000,+5.40000000000000E-001,+2.90000000000000E-001,+8.00000000000000E-002,+5.46000000000000E+000,+1.73800000000000E+001,+2.51600000000000E+001
"D170119A",+000006317.479369,+00000000520.488694,+000006019.612910,+00000000247.443713,+000000000069.525886,+000000000147.084384,+000000000052.224164,+000000000000.004553,+1.02810510000000E+007,+1.27358000000000E+005,+5.63686000000000E+005,+1.13203300000000E+007,+8.99051000000000E+005,+1.74922290000000E+007,+2.36000000000000E+000,+7.78000000000000E+000,+5.21000000000000E+000,+3.83000000000000E+000,+2.30000000000000E-001,+1.59300000000000E+001,+9.31000000000000E+001,+5.89300000000000E+001
"D170309A",+000006319.707682,+00000000512.794210,+000006021.551995,+00000000239.719893,+000000000068.906249,+000000000152.975903,+000000000052.082478,+000000000000.004554,+1.02780140000000E+007,+1.26315000000000E+005,+5.61692000000000E+005,+1.14960830000000E+007,+9.03301000000000E+005,+2.94105600000000E+007,+1.74000000000000E+000,+7.34000000000000E+000,+4.80000000000000E+000,+3.56000000000000E+000,+2.00000000000000E-001,+1.43700000000000E+001,+1.78520000000000E+002,+5.88900000000000E+001
"D170210A",+000006332.093909,+00000000510.108632,+000006035.546490,+00000000237.026264,+000000000064.897468,+000000000143.133382,+000000000051.965952,+000000000000.004623,+1.02796270000000E+007,+1.26849000000000E+005,+5.62778000000000E+005,+1.13300060000000E+007,+8.90195000000000E+005,+2.98595470000000E+007,+2.06000000000000E+000,+7.30000000000000E+000,+4.76000000000000E+000,+3.50000000000000E+000,+2.00000000000000E-001,+1.49300000000000E+001,+1.84110000000000E+002,+5.87500000000000E+001
"D170216A",+000006367.311815,+00000000510.096873,+000006072.325463,+00000000237.547476,+000000000065.503652,+000000000143.741978,+000000000051.212174,+000000000000.004484,+1.02779320000000E+007,+1.26298000000000E+005,+5.61651000000000E+005,+1.13060560000000E+007,+8.90870000000000E+005,+2.91846000000000E+007,+1.62000000000000E+000,+7.44000000000000E+000,+4.92000000000000E+000,+3.29000000000000E+000,+2.00000000000000E-001,+1.39500000000000E+001,+1.85390000000000E+002,+5.94800000000000E+001
"D170227A",+000006377.020970,+00000000508.663706,+000006075.973164,+00000000234.977254,+000000000064.248952,+000000000137.952188,+000000000052.933496,+000000000000.004673,+1.02784020000000E+007,+1.26502000000000E+005,+5.61878000000000E+005,+1.12201430000000E+007,+8.73060000000000E+005,+2.91771460000000E+007,+1.78000000000000E+000,+7.37000000000000E+000,+4.84000000000000E+000,+3.35000000000000E+000,+2.00000000000000E-001,+1.42300000000000E+001,+1.82450000000000E+002,+5.95400000000000E+001
"D170310D",+000006380.218874,+00000000510.848775,+000006082.216312,+00000000238.300535,+000000000065.046548,+000000000143.499459,+000000000053.581526,+000000000000.004671,+1.02797630000000E+007,+1.26930000000000E+005,+5.62835000000000E+005,+1.14957770000000E+007,+9.06702000000000E+005,+2.96825570000000E+007,+1.61000000000000E+000,+6.95000000000000E+000,+4.44000000000000E+000,+3.09000000000000E+000,+1.40000000000000E-001,+1.35200000000000E+001,+1.77010000000000E+002,+5.86600000000000E+001
"D170217A",+000006387.629763,+00000000509.917904,+000006093.144229,+00000000237.358761,+000000000065.680183,+000000000143.948174,+000000000050.913878,+000000000000.004524,+1.02777190000000E+007,+1.26239000000000E+005,+5.61489000000000E+005,+1.14273850000000E+007,+9.07047000000000E+005,+2.99246330000000E+007,+1.46000000000000E+000,+6.73000000000000E+000,+4.23000000000000E+000,+2.88000000000000E+000,+1.40000000000000E-001,+1.28800000000000E+001,+1.77390000000000E+002,+5.70000000000000E+001
"D170201A",+000006389.481020,+00000000508.243480,+000006093.730782,+00000000235.273700,+000000000066.009961,+000000000140.319837,+000000000051.899258,+000000000000.004547,+1.02774190000000E+007,+1.26167000000000E+005,+5.61259000000000E+005,+1.14485590000000E+007,+8.93179000000000E+005,+1.41044860000000E+007,+1.62000000000000E+000,+8.98000000000000E+000,+6.41000000000000E+000,+5.02000000000000E+000,+2.30000000000000E-001,+1.61200000000000E+001,+9.62300000000000E+001,+6.06000000000000E+001
"D170117A",+000006394.650419,+00000000517.031386,+000006096.388813,+00000000244.127397,+000000000068.597706,+000000000146.810911,+000000000053.321613,+000000000000.004743,+1.02813640000000E+007,+1.27464000000000E+005,+5.63890000000000E+005,+1.13252130000000E+007,+8.92234000000000E+005,+1.41347930000000E+007,+4.20000000000000E-001,+1.14000000000000E+000,+6.60000000000000E-001,+3.90000000000000E-001,+8.00000000000000E-002,+5.44000000000000E+000,+1.75400000000000E+001,+2.55200000000000E+001
"D170117A",+000006394.650419,+00000000517.031386,+000006096.388813,+00000000244.127397,+000000000068.597706,+000000000146.810911,+000000000053.321613,+000000000000.004743,+1.02813640000000E+007,+1.27464000000000E+005,+5.63890000000000E+005,+1.13252130000000E+007,+8.92234000000000E+005,+1.41347930000000E+007,+1.80000000000000E+000,+7.20000000000000E+000,+4.68000000000000E+000,+3.30000000000000E+000,+2.00000000000000E-001,+1.38400000000000E+001,+8.80100000000000E+001,+5.89800000000000E+001
"D170117A",+000006394.650419,+00000000517.031386,+000006096.388813,+00000000244.127397,+000000000065.829637,+000000000148.327249,+000000000053.428374,+000000000000.004536,+1.02813640000000E+007,+1.27464000000000E+005,+5.63890000000000E+005,+1.13252130000000E+007,+8.92234000000000E+005,+1.41347930000000E+007,+4.20000000000000E-001,+1.14000000000000E+000,+6.60000000000000E-001,+3.90000000000000E-001,+8.00000000000000E-002,+5.44000000000000E+000,+1.75400000000000E+001,+2.55200000000000E+001
"D170117A",+000006394.650419,+00000000517.031386,+000006096.388813,+00000000244.127397,+000000000065.829637,+000000000148.327249,+000000000053.428374,+000000000000.004536,+1.02813640000000E+007,+1.27464000000000E+005,+5.63890000000000E+005,+1.13252130000000E+007,+8.92234000000000E+005,+1.41347930000000E+007,+1.80000000000000E+000,+7.20000000000000E+000,+4.68000000000000E+000,+3.30000000000000E+000,+2.00000000000000E-001,+1.38400000000000E+001,+8.80100000000000E+001,+5.89800000000000E+001
"D170316A",+000006398.789205,+00000000507.510265,+000006100.167748,+00000000234.404162,+000000000064.723984,+000000000145.070776,+000000000053.185653,+000000000000.004807,+1.02779600000000E+007,+1.26302000000000E+005,+5.61635000000000E+005,+1.12838300000000E+007,+8.79288000000000E+005,+3.30505490000000E+007,+1.68000000000000E+000,+6.96000000000000E+000,+4.45000000000000E+000,+2.99000000000000E+000,+1.40000000000000E-001,+1.34600000000000E+001,+1.77490000000000E+002,+5.90300000000000E+001
"D170303A",+000006403.933612,+00000000513.818918,+000006108.595745,+00000000241.246623,+000000000065.514370,+000000000143.367422,+000000000052.596506,+000000000000.004603,+1.02794830000000E+007,+1.26819000000000E+005,+5.62670000000000E+005,+1.14026000000000E+007,+8.91544000000000E+005,+2.85326500000000E+007,+1.62000000000000E+000,+7.20000000000000E+000,+4.68000000000000E+000,+3.31000000000000E+000,+2.00000000000000E-001,+1.38200000000000E+001,+1.79810000000000E+002,+5.82500000000000E+001
"D170130A",+000006403.919932,+00000000507.519144,+000006109.079467,+00000000234.741041,+000000000066.127041,+000000000143.048440,+000000000049.988906,+000000000000.004720,+1.02764770000000E+007,+1.25805000000000E+005,+5.60676000000000E+005,+1.13648720000000E+007,+8.96308000000000E+005,+1.45975870000000E+007,+2.05000000000000E+000,+7.67000000000000E+000,+5.12000000000000E+000,+3.54000000000000E+000,+2.30000000000000E-001,+1.55500000000000E+001,+8.46100000000000E+001,+5.99800000000000E+001
"D170307A",+000006413.974990,+00000000511.166042,+000006115.132320,+00000000238.508326,+000000000065.152606,+000000000148.824332,+000000000053.642206,+000000000000.004853,+1.02776340000000E+007,+1.26226000000000E+005,+5.61406000000000E+005,+1.13489050000000E+007,+8.87371000000000E+005,+2.84724680000000E+007,+1.35000000000000E+000,+6.65000000000000E+000,+4.16000000000000E+000,+2.94000000000000E+000,+1.40000000000000E-001,+1.23000000000000E+001,+1.74040000000000E+002,+5.84800000000000E+001
"D170207A",+000006437.105104,+00000000515.478404,+000006138.722069,+00000000242.896585,+000000000069.151291,+000000000163.558057,+000000000053.184279,+000000000000.004838,+1.02773380000000E+007,+1.26114000000000E+005,+5.61215000000000E+005,+1.16630360000000E+007,+8.98236000000000E+005,+3.33939110000000E+007,+1.80000000000000E+000,+7.06000000000000E+000,+4.54000000000000E+000,+3.31000000000000E+000,+2.00000000000000E-001,+1.37400000000000E+001,+1.80820000000000E+002,+5.75000000000000E+001
"D170206A",+000006435.044189,+00000000517.151106,+000006140.652944,+00000000244.448231,+000000000062.492304,+000000000129.991276,+000000000052.804152,+000000000000.004491,+1.02804080000000E+007,+1.27209000000000E+005,+5.63189000000000E+005,+1.20408250000000E+007,+8.94542000000000E+005,+2.85225070000000E+007,+1.35000000000000E+000,+6.79000000000000E+000,+4.29000000000000E+000,+2.86000000000000E+000,+1.40000000000000E-001,+1.26500000000000E+001,+1.77170000000000E+002,+5.78700000000000E+001
"D170320A",+000006439.180346,+00000000512.216045,+000006141.018385,+00000000239.394202,+000000000065.960962,+000000000145.916418,+000000000052.400163,+000000000000.004996,+1.02794470000000E+007,+1.26799000000000E+005,+5.62611000000000E+005,+1.14372780000000E+007,+8.90225000000000E+005,+2.92843580000000E+007,+2.10000000000000E+000,+7.70000000000000E+000,+5.16000000000000E+000,+3.59000000000000E+000,+2.30000000000000E-001,+1.57000000000000E+001,+1.82620000000000E+002,+6.01200000000000E+001
"D170330A",+000006441.387988,+00000000508.250156,+000006143.158088,+00000000235.569205,+000000000068.232202,+000000000149.400765,+000000000051.147164,+000000000000.004921,+1.02777890000000E+007,+1.26253000000000E+005,+5.61526000000000E+005,+1.13392280000000E+007,+8.96981000000000E+005,+2.98092730000000E+007,+2.09000000000000E+000,+7.51000000000000E+000,+4.96000000000000E+000,+3.89000000000000E+000,+2.00000000000000E-001,+1.49600000000000E+001,+1.88450000000000E+002,+5.75100000000000E+001
"D170222A",+000006469.261143,+00000000505.697070,+000006178.651369,+00000000232.701550,+000000000064.473058,+000000000129.165082,+000000000051.011406,+000000000000.004617,+1.02739340000000E+007,+1.25043000000000E+005,+5.58920000000000E+005,+1.22133200000000E+007,+9.41473000000000E+005,+3.21003910000000E+007,+1.17000000000000E+000,+8.43000000000000E+000,+5.89000000000000E+000,+4.66000000000000E+000,+2.30000000000000E-001,+1.43500000000000E+001,+1.87030000000000E+002,+6.32900000000000E+001
"D170315A",+000006471.809343,+00000000514.056896,+000006179.075467,+00000000240.964197,+000000000063.710882,+000000000135.981193,+000000000051.868451,+000000000000.004443,+1.02799850000000E+007,+1.27084000000000E+005,+5.62914000000000E+005,+1.21475350000000E+007,+9.13080000000000E+005,+2.94737070000000E+007,+1.61000000000000E+000,+7.24000000000000E+000,+4.74000000000000E+000,+3.15000000000000E+000,+2.00000000000000E-001,+1.37300000000000E+001,+1.80780000000000E+002,+5.95800000000000E+001
"D170302A",+000006485.241290,+00000000509.075097,+000006184.439327,+00000000236.215076,+000000000065.776022,+000000000144.477564,+000000000051.607041,+000000000000.004821,+1.02777050000000E+007,+1.26165000000000E+005,+5.61495000000000E+005,+1.15021300000000E+007,+9.00706000000000E+005,+2.97183110000000E+007,+1.53000000000000E+000,+6.96000000000000E+000,+4.45000000000000E+000,+3.06000000000000E+000,+1.40000000000000E-001,+1.33000000000000E+001,+1.76780000000000E+002,+5.82500000000000E+001
"D170417A",+000006495.504537,+00000000517.012902,+000006199.498602,+00000000244.900448,+000000000070.100509,+000000000189.916599,+000000000051.473240,+000000000000.004829,+1.02779260000000E+007,+1.26322000000000E+005,+5.61629000000000E+005,+1.19593240000000E+007,+9.15545000000000E+005,+1.50657600000000E+007,+1.61000000000000E+000,+7.05000000000000E+000,+4.55000000000000E+000,+3.17000000000000E+000,+2.00000000000000E-001,+1.35100000000000E+001,+8.21400000000000E+001,+5.88900000000000E+001
"D170324H",+000006504.001462,+00000000514.046481,+000006206.061328,+00000000241.001696,+000000000069.205820,+000000000184.979776,+000000000051.185897,+000000000000.004825,+1.02773560000000E+007,+1.26098000000000E+005,+5.61266000000000E+005,+1.17539520000000E+007,+8.90837000000000E+005,+3.10432120000000E+007,+2.15000000000000E+000,+7.83000000000000E+000,+5.29000000000000E+000,+3.78000000000000E+000,+2.30000000000000E-001,+1.56500000000000E+001,+8.74800000000000E+001,+5.96400000000000E+001
"D170203A",+000006500.385825,+00000000515.684838,+000006208.886495,+00000000242.791184,+000000000065.805478,+000000000145.284698,+000000000050.923149,+000000000000.004612,+1.02784550000000E+007,+1.26583000000000E+005,+5.61917000000000E+005,+1.23060870000000E+007,+9.60387000000000E+005,+2.95755300000000E+007,+1.77000000000000E+000,+7.16000000000000E+000,+4.64000000000000E+000,+3.20000000000000E+000,+2.00000000000000E-001,+1.40200000000000E+001,+8.75800000000000E+001,+5.88900000000000E+001
"D170317A",+000006507.980169,+00000000513.205281,+000006215.027182,+00000000240.132039,+000000000062.590202,+000000000129.305136,+000000000052.892967,+000000000000.004579,+1.02783310000000E+007,+1.26541000000000E+005,+5.61816000000000E+005,+1.20987670000000E+007,+8.98177000000000E+005,+2.88642120000000E+007,+1.80000000000000E+000,+7.38000000000000E+000,+4.85000000000000E+000,+3.42000000000000E+000,+2.00000000000000E-001,+1.44600000000000E+001,+1.78460000000000E+002,+5.92100000000000E+001
"D170314A",+000006517.363955,+00000000515.359441,+000006223.422851,+00000000242.322676,+000000000063.611879,+000000000134.470446,+000000000050.105758,+000000000000.004576,+1.02810710000000E+007,+1.27487000000000E+005,+5.63623000000000E+005,+1.22015570000000E+007,+9.31336000000000E+005,+2.95508570000000E+007,+2.01000000000000E+000,+7.38000000000000E+000,+4.84000000000000E+000,+3.45000000000000E+000,+2.00000000000000E-001,+1.49800000000000E+001,+1.78130000000000E+002,+5.79100000000000E+001
"D170224A",+000006525.507574,+00000000505.024363,+000006232.189082,+00000000232.126890,+000000000062.955807,+000000000133.206096,+000000000050.334313,+000000000000.004459,+1.02756760000000E+007,+1.25686000000000E+005,+5.60053000000000E+005,+1.21752450000000E+007,+9.20310000000000E+005,+3.18569630000000E+007,+1.46000000000000E+000,+9.11000000000000E+000,+6.56000000000000E+000,+4.85000000000000E+000,+2.30000000000000E-001,+1.59300000000000E+001,+1.94210000000000E+002,+6.21100000000000E+001
"D170210A",+000006530.994640,+00000000517.959189,+000006237.190713,+00000000244.854976,+000000000064.897468,+000000000143.133382,+000000000051.965952,+000000000000.004623,+1.02800120000000E+007,+1.27121000000000E+005,+5.62944000000000E+005,+1.22882750000000E+007,+9.51623000000000E+005,+2.98595470000000E+007,+2.06000000000000E+000,+7.30000000000000E+000,+4.76000000000000E+000,+3.50000000000000E+000,+2.00000000000000E-001,+1.49300000000000E+001,+1.84110000000000E+002,+5.87500000000000E+001
"D170406A",+000006540.125608,+00000000518.511156,+000006241.104815,+00000000245.612916,+000000000070.463240,+000000000186.826026,+000000000053.131397,+000000000000.004980,+1.02784560000000E+007,+1.26444000000000E+005,+5.62004000000000E+005,+1.18110770000000E+007,+9.03535000000000E+005,+3.32539110000000E+007,+1.85000000000000E+000,+7.52000000000000E+000,+4.98000000000000E+000,+3.48000000000000E+000,+2.00000000000000E-001,+1.47700000000000E+001,+9.13400000000000E+001,+5.84100000000000E+001
"D170216A",+000006539.137891,+00000000517.667747,+000006244.894288,+00000000245.071147,+000000000065.503652,+000000000143.741978,+000000000051.212174,+000000000000.004484,+1.02804380000000E+007,+1.27221000000000E+005,+5.63253000000000E+005,+1.22776110000000E+007,+9.45299000000000E+005,+2.91846000000000E+007,+1.62000000000000E+000,+7.44000000000000E+000,+4.92000000000000E+000,+3.29000000000000E+000,+2.00000000000000E-001,+1.39500000000000E+001,+1.85390000000000E+002,+5.94800000000000E+001
"D170313A",+000006540.106860,+00000000518.467464,+000006245.339108,+00000000245.331241,+000000000064.701784,+000000000142.436190,+000000000050.636283,+000000000000.004650,+1.02812020000000E+007,+1.27492000000000E+005,+5.63746000000000E+005,+1.22861710000000E+007,+9.47556000000000E+005,+2.99645140000000E+007,+2.43000000000000E+000,+8.57000000000000E+000,+6.00000000000000E+000,+4.52000000000000E+000,+2.30000000000000E-001,+1.71300000000000E+001,+1.88840000000000E+002,+5.94900000000000E+001
"D170306B",+000006539.965321,+00000000521.795104,+000006245.930458,+00000000248.247366,+000000000065.847513,+000000000144.322358,+000000000052.038439,+000000000000.004732,+1.02807420000000E+007,+1.27333000000000E+005,+5.63416000000000E+005,+1.22678630000000E+007,+9.40452000000000E+005,+3.19037420000000E+007,+1.41000000000000E+000,+7.42000000000000E+000,+4.91000000000000E+000,+3.38000000000000E+000,+2.00000000000000E-001,+1.35200000000000E+001,+1.78610000000000E+002,+6.11300000000000E+001
"D170217A",+000006540.195390,+00000000515.244319,+000006248.429985,+00000000242.735574,+000000000065.680183,+000000000143.948174,+000000000050.913878,+000000000000.004524,+1.02783480000000E+007,+1.26537000000000E+005,+5.61823000000000E+005,+1.23128390000000E+007,+9.63855000000000E+005,+2.99246330000000E+007,+1.46000000000000E+000,+6.73000000000000E+000,+4.23000000000000E+000,+2.88000000000000E+000,+1.40000000000000E-001,+1.28800000000000E+001,+1.77390000000000E+002,+5.70000000000000E+001
"D170308A",+000006542.260867,+00000000518.047406,+000006251.176095,+00000000245.381085,+000000000064.456628,+000000000145.863678,+000000000051.798183,+000000000000.004870,+1.02795000000000E+007,+1.26941000000000E+005,+5.62602000000000E+005,+1.22423070000000E+007,+9.45100000000000E+005,+3.25046910000000E+007,+1.22000000000000E+000,+7.34000000000000E+000,+4.84000000000000E+000,+3.50000000000000E+000,+2.00000000000000E-001,+1.32000000000000E+001,+1.79670000000000E+002,+5.97700000000000E+001
"D170214A",+000006550.016432,+00000000520.619620,+000006253.638849,+00000000247.806356,+000000000070.508523,+000000000188.643002,+000000000051.717473,+000000000000.005134,+1.02790540000000E+007,+1.26662000000000E+005,+5.62372000000000E+005,+1.19811630000000E+007,+9.09165000000000E+005,+3.06057320000000E+007,+1.81000000000000E+000,+6.99000000000000E+000,+4.46000000000000E+000,+3.37000000000000E+000,+1.40000000000000E-001,+1.39300000000000E+001,+1.83660000000000E+002,+5.82600000000000E+001
"D170425A",+000006569.774925,+00000000516.552859,+000006273.021987,+00000000243.668794,+000000000069.497170,+000000000186.510284,+000000000050.996233,+000000000000.004889,+1.02761260000000E+007,+1.25680000000000E+005,+5.60437000000000E+005,+1.18629830000000E+007,+9.15442000000000E+005,+1.51406820000000E+007,+2.50000000000000E+000,+8.22000000000000E+000,+5.64000000000000E+000,+4.02000000000000E+000,+2.30000000000000E-001,+1.72100000000000E+001,+1.07720000000000E+002,+6.02100000000000E+001
"D170223A",+000006571.036215,+00000000507.897761,+000006277.024607,+00000000235.130375,+000000000063.981172,+000000000131.852995,+000000000050.688538,+000000000000.004623,+1.02753250000000E+007,+1.25526000000000E+005,+5.59848000000000E+005,+1.22877120000000E+007,+9.36609000000000E+005,+3.25838080000000E+007,+2.36000000000000E+000,+7.61000000000000E+000,+5.06000000000000E+000,+3.63000000000000E+000,+2.00000000000000E-001,+1.58500000000000E+001,+1.80700000000000E+002,+5.92500000000000E+001
"D170331A",+000006589.236109,+00000000521.779100,+000006290.408630,+00000000248.589640,+000000000070.017016,+000000000196.028404,+000000000054.141727,+000000000000.004885,+1.02784220000000E+007,+1.26496000000000E+005,+5.61947000000000E+005,+1.18965080000000E+007,+9.11529000000000E+005,+3.07337920000000E+007,+2.37000000000000E+000,+8.50000000000000E+000,+5.92000000000000E+000,+4.65000000000000E+000,+2.30000000000000E-001,+1.70700000000000E+001,+9.19100000000000E+001,+5.90800000000000E+001
"D170427D",+000006588.654805,+00000000517.606188,+000006290.687124,+00000000245.010218,+000000000070.631866,+000000000188.819334,+000000000051.815462,+000000000000.006464,+1.02770880000000E+007,+1.26020000000000E+005,+5.61075000000000E+005,+1.20785710000000E+007,+9.35175000000000E+005,+1.48128320000000E+007,+2.00000000000000E+000,+7.56000000000000E+000,+5.03000000000000E+000,+3.55000000000000E+000,+2.00000000000000E-001,+1.50200000000000E+001,+8.91300000000000E+001,+5.86800000000000E+001
"D170228A",+000006591.977033,+00000000517.722967,+000006294.455490,+00000000243.775009,+000000000064.586826,+000000000146.103664,+000000000050.680868,+000000000000.004566,+1.02793240000000E+007,+1.26822000000000E+005,+5.62540000000000E+005,+1.22271840000000E+007,+9.43290000000000E+005,+3.20454600000000E+007,+2.25000000000000E+000,+7.58000000000000E+000,+5.03000000000000E+000,+3.64000000000000E+000,+2.00000000000000E-001,+1.58000000000000E+001,+1.88350000000000E+002,+5.95900000000000E+001
"D170310D",+000006592.464485,+00000000518.591731,+000006296.753219,+00000000245.987113,+000000000065.046548,+000000000143.499459,+000000000053.581526,+000000000000.004671,+1.02799180000000E+007,+1.27080000000000E+005,+5.62893000000000E+005,+1.22973450000000E+007,+9.58158000000000E+005,+2.96825570000000E+007,+1.61000000000000E+000,+6.95000000000000E+000,+4.44000000000000E+000,+3.09000000000000E+000,+1.40000000000000E-001,+1.35200000000000E+001,+1.77010000000000E+002,+5.86600000000000E+001
"D170309A",+000006590.463195,+00000000519.486959,+000006297.287441,+00000000246.371681,+000000000068.906249,+000000000152.975903,+000000000052.082478,+000000000000.004554,+1.02801920000000E+007,+1.27190000000000E+005,+5.63061000000000E+005,+1.23555710000000E+007,+9.56226000000000E+005,+2.94105600000000E+007,+1.74000000000000E+000,+7.34000000000000E+000,+4.80000000000000E+000,+3.56000000000000E+000,+2.00000000000000E-001,+1.43700000000000E+001,+1.78520000000000E+002,+5.88900000000000E+001
"D170227A",+000006596.038881,+00000000517.044283,+000006299.761221,+00000000243.418482,+000000000064.248952,+000000000137.952188,+000000000052.933496,+000000000000.004673,+1.02790900000000E+007,+1.26740000000000E+005,+5.62327000000000E+005,+1.21926250000000E+007,+9.32711000000000E+005,+2.91771460000000E+007,+1.78000000000000E+000,+7.37000000000000E+000,+4.84000000000000E+000,+3.35000000000000E+000,+2.00000000000000E-001,+1.42300000000000E+001,+1.82450000000000E+002,+5.95400000000000E+001
"D170328A",+000006597.498659,+00000000528.375179,+000006306.852926,+00000000255.437987,+000000000049.716965,+000000000125.028098,+000000000048.291951,+000000000000.005089,+1.02788310000000E+007,+1.26742000000000E+005,+5.62131000000000E+005,+1.35702450000000E+007,+9.46963000000000E+005,+3.30599600000000E+007,+1.88000000000000E+000,+7.42000000000000E+000,+4.89000000000000E+000,+3.51000000000000E+000,+2.00000000000000E-001,+1.43900000000000E+001,+8.76000000000000E+001,+5.88800000000000E+001
"D170325A",+000006631.976224,+00000000517.285552,+000006332.887904,+00000000244.587287,+000000000070.309235,+000000000191.041891,+000000000053.052769,+000000000000.004908,+1.02775580000000E+007,+1.26164000000000E+005,+5.61418000000000E+005,+1.20428740000000E+007,+9.21010000000000E+005,+3.13002880000000E+007,+1.77000000000000E+000,+7.11000000000000E+000,+4.58000000000000E+000,+3.37000000000000E+000,+2.00000000000000E-001,+1.39800000000000E+001,+8.36200000000000E+001,+5.87800000000000E+001
"D170303A",+000006641.747153,+00000000520.155386,+000006347.523983,+00000000247.520178,+000000000065.514370,+000000000143.367422,+000000000052.596506,+000000000000.004603,+1.02810630000000E+007,+1.27460000000000E+005,+5.63655000000000E+005,+1.22983770000000E+007,+9.43046000000000E+005,+2.85326500000000E+007,+1.62000000000000E+000,+7.20000000000000E+000,+4.68000000000000E+000,+3.31000000000000E+000,+2.00000000000000E-001,+1.38200000000000E+001,+1.79810000000000E+002,+5.82500000000000E+001
"D170209C",+000006648.823916,+00000000519.198615,+000006353.186374,+00000000246.600680,+000000000070.303722,+000000000191.370190,+000000000052.854260,+000000000000.004760,+1.02783090000000E+007,+1.26438000000000E+005,+5.61883000000000E+005,+1.18451220000000E+007,+9.06625000000000E+005,+3.05590380000000E+007,+1.79000000000000E+000,+7.12000000000000E+000,+4.61000000000000E+000,+3.19000000000000E+000,+2.00000000000000E-001,+1.40700000000000E+001,+1.79010000000000E+002,+5.87600000000000E+001
"D170302A",+000006653.910567,+00000000520.504206,+000006356.686893,+00000000247.691363,+000000000065.776022,+000000000144.477564,+000000000051.607041,+000000000000.004821,+1.02799320000000E+007,+1.27138000000000E+005,+5.62862000000000E+005,+1.23337900000000E+007,+9.50291000000000E+005,+2.97183110000000E+007,+1.53000000000000E+000,+6.96000000000000E+000,+4.45000000000000E+000,+3.06000000000000E+000,+1.40000000000000E-001,+1.33000000000000E+001,+1.76780000000000E+002,+5.82500000000000E+001
"D170307A",+000006650.900620,+00000000518.440820,+000006357.116754,+00000000245.771362,+000000000065.152606,+000000000148.824332,+000000000053.642206,+000000000000.004853,+1.02796930000000E+007,+1.26962000000000E+005,+5.62752000000000E+005,+1.23294190000000E+007,+9.45860000000000E+005,+2.84724680000000E+007,+1.35000000000000E+000,+6.65000000000000E+000,+4.16000000000000E+000,+2.94000000000000E+000,+1.40000000000000E-001,+1.23000000000000E+001,+1.74040000000000E+002,+5.84800000000000E+001
"D170316A",+000006659.907182,+00000000517.493303,+000006367.675050,+00000000244.451717,+000000000064.723984,+000000000145.070776,+000000000053.185653,+000000000000.004807,+1.02776820000000E+007,+1.26333000000000E+005,+5.61363000000000E+005,+1.22467310000000E+007,+9.37461000000000E+005,+3.30505490000000E+007,+1.68000000000000E+000,+6.96000000000000E+000,+4.45000000000000E+000,+2.99000000000000E+000,+1.40000000000000E-001,+1.34600000000000E+001,+1.77490000000000E+002,+5.90300000000000E+001
"D170424A",+000006665.487124,+00000000517.576133,+000006369.338350,+00000000244.770924,+000000000069.399757,+000000000201.162346,+000000000052.220359,+000000000000.005290,+1.02764620000000E+007,+1.25850000000000E+005,+5.60645000000000E+005,+1.21980720000000E+007,+8.93679000000000E+005,+1.54841390000000E+007,+2.31000000000000E+000,+7.83000000000000E+000,+5.27000000000000E+000,+3.85000000000000E+000,+2.30000000000000E-001,+1.61600000000000E+001,+9.86500000000000E+001,+5.86600000000000E+001
"D170320A",+000006665.664313,+00000000520.326825,+000006371.450432,+00000000247.605873,+000000000065.960962,+000000000145.916418,+000000000052.400163,+000000000000.004996,+1.02799500000000E+007,+1.27109000000000E+005,+5.62890000000000E+005,+1.23028440000000E+007,+9.43142000000000E+005,+2.92843580000000E+007,+2.10000000000000E+000,+7.70000000000000E+000,+5.16000000000000E+000,+3.59000000000000E+000,+2.30000000000000E-001,+1.57000000000000E+001,+1.82620000000000E+002,+6.01200000000000E+001
"D170419A",+000006669.634892,+00000000515.141929,+000006375.028903,+00000000242.598526,+000000000070.510500,+000000000187.752655,+000000000051.828267,+000000000000.005021,+1.02765810000000E+007,+1.25893000000000E+005,+5.60706000000000E+005,+1.20450850000000E+007,+9.24727000000000E+005,+1.51070540000000E+007,+1.44000000000000E+000,+7.18000000000000E+000,+4.69000000000000E+000,+3.15000000000000E+000,+2.00000000000000E-001,+1.34600000000000E+001,+8.34400000000000E+001,+5.83300000000000E+001
"D170311A",+000006686.431923,+00000000520.130699,+000006389.775418,+00000000247.528016,+000000000069.551793,+000000000191.625469,+000000000052.167713,+000000000000.003730,+1.02774480000000E+007,+1.26151000000000E+005,+5.61321000000000E+005,+1.18701460000000E+007,+9.04595000000000E+005,+3.02908660000000E+007,+1.76000000000000E+000,+7.25000000000000E+000,+4.73000000000000E+000,+3.26000000000000E+000,+2.00000000000000E-001,+1.42100000000000E+001,+1.77770000000000E+002,+5.83000000000000E+001
"D170207A",+000006695.943501,+00000000521.386145,+000006405.241364,+00000000248.780800,+000000000069.151291,+000000000163.558057,+000000000053.184279,+000000000000.004838,+1.02797050000000E+007,+1.26987000000000E+005,+5.62749000000000E+005,+1.24816530000000E+007,+9.56566000000000E+005,+3.33939110000000E+007,+1.80000000000000E+000,+7.06000000000000E+000,+4.54000000000000E+000,+3.31000000000000E+000,+2.00000000000000E-001,+1.37400000000000E+001,+1.80820000000000E+002,+5.75000000000000E+001
"D170418A",+000006701.155276,+00000000523.399437,+000006406.685321,+00000000250.944916,+000000000070.631278,+000000000206.095782,+000000000053.177152,+000000000000.005100,+1.02766530000000E+007,+1.25875000000000E+005,+5.60820000000000E+005,+1.27208290000000E+007,+9.14299000000000E+005,+1.92701850000000E+007,+1.76000000000000E+000,+7.33000000000000E+000,+4.80000000000000E+000,+3.39000000000000E+000,+2.00000000000000E-001,+1.44500000000000E+001,+8.52500000000000E+001,+5.87200000000000E+001
"D170311C",+000006704.486682,+00000000523.662753,+000006408.817216,+00000000250.593920,+000000000070.203059,+000000000195.768895,+000000000053.144209,+000000000000.004870,+1.02784160000000E+007,+1.26480000000000E+005,+5.61942000000000E+005,+1.21559810000000E+007,+9.13566000000000E+005,+3.14931580000000E+007,+2.53000000000000E+000,+7.61000000000000E+000,+5.04000000000000E+000,+3.71000000000000E+000,+2.00000000000000E-001,+1.62100000000000E+001,+1.97870000000000E+002,+5.84000000000000E+001
"D170326B",+000006707.121784,+00000000520.180739,+000006409.134631,+00000000247.012484,+000000000069.605379,+000000000197.476510,+000000000053.135302,+000000000000.005106,+1.02774960000000E+007,+1.26178000000000E+005,+5.61335000000000E+005,+1.22044390000000E+007,+9.18442000000000E+005,+3.14326440000000E+007,+1.83000000000000E+000,+7.29000000000000E+000,+4.76000000000000E+000,+3.37000000000000E+000,+2.00000000000000E-001,+1.43700000000000E+001,+8.64800000000000E+001,+6.13800000000000E+001
"D170324A",+000006712.733749,+00000000522.826877,+000006415.364348,+00000000249.814016,+000000000070.544399,+000000000207.112589,+000000000054.170146,+000000000000.005042,+1.02770510000000E+007,+1.26051000000000E+005,+5.61049000000000E+005,+1.25108850000000E+007,+9.26806000000000E+005,+3.20166620000000E+007,+2.29000000000000E+000,+7.71000000000000E+000,+5.16000000000000E+000,+3.62000000000000E+000,+2.30000000000000E-001,+1.59600000000000E+001,+9.35600000000000E+001,+5.93300000000000E+001
"D170330A",+000006715.188152,+00000000516.757575,+000006421.404269,+00000000244.054136,+000000000068.232202,+000000000149.400765,+000000000051.147164,+000000000000.004921,+1.02774320000000E+007,+1.26240000000000E+005,+5.61219000000000E+005,+1.23172720000000E+007,+9.54507000000000E+005,+2.98092730000000E+007,+2.09000000000000E+000,+7.51000000000000E+000,+4.96000000000000E+000,+3.89000000000000E+000,+2.00000000000000E-001,+1.49600000000000E+001,+1.88450000000000E+002,+5.75100000000000E+001
"D170407A",+000006721.053681,+00000000518.521523,+000006422.366897,+00000000245.413957,+000000000071.377727,+000000000192.285223,+000000000056.163931,+000000000000.005034,+1.02775570000000E+007,+1.26170000000000E+005,+5.61391000000000E+005,+1.19463530000000E+007,+9.08585000000000E+005,+3.03939120000000E+007,+1.63000000000000E+000,+7.13000000000000E+000,+4.62000000000000E+000,+3.26000000000000E+000,+2.00000000000000E-001,+1.37600000000000E+001,+8.41900000000000E+001,+5.90700000000000E+001
"D170411A",+000006728.734409,+00000000517.970534,+000006429.985582,+00000000244.871390,+000000000070.296441,+000000000196.673331,+000000000055.331664,+000000000000.005096,+1.02777620000000E+007,+1.26268000000000E+005,+5.61521000000000E+005,+1.21109020000000E+007,+9.29243000000000E+005,+3.11729240000000E+007,+2.28000000000000E+000,+7.91000000000000E+000,+5.35000000000000E+000,+3.93000000000000E+000,+2.30000000000000E-001,+1.61800000000000E+001,+9.56800000000000E+001,+5.90400000000000E+001
"D170427E",+000006728.059713,+00000000524.566003,+000006434.030988,+00000000251.878568,+000000000069.660518,+000000000210.564901,+000000000053.891050,+000000000000.004904,+1.02786270000000E+007,+1.26545000000000E+005,+5.62084000000000E+005,+1.26563340000000E+007,+9.27082000000000E+005,+1.59066400000000E+007,+2.05000000000000E+000,+7.52000000000000E+000,+4.98000000000000E+000,+3.52000000000000E+000,+2.00000000000000E-001,+1.53000000000000E+001,+8.36100000000000E+001,+6.01800000000000E+001
"D170329A",+000006738.011167,+00000000519.384793,+000006439.545633,+00000000246.349948,+000000000070.196312,+000000000195.396158,+000000000054.780983,+000000000000.004903,+1.02773670000000E+007,+1.26139000000000E+005,+5.61244000000000E+005,+1.20381530000000E+007,+9.32258000000000E+005,+3.05677600000000E+007,+2.01000000000000E+000,+9.06000000000000E+000,+6.48000000000000E+000,+4.98000000000000E+000,+2.30000000000000E-001,+1.67600000000000E+001,+9.87800000000000E+001,+6.12300000000000E+001
"D170413A",+000006741.835649,+00000000522.152286,+000006445.768034,+00000000249.698343,+000000000070.896369,+000000000202.469720,+000000000053.866206,+000000000000.005199,+1.02779580000000E+007,+1.26304000000000E+005,+5.61703000000000E+005,+1.24752470000000E+007,+9.17308000000000E+005,+1.54081280000000E+007,+2.35000000000000E+000,+7.70000000000000E+000,+5.13000000000000E+000,+3.71000000000000E+000,+2.30000000000000E-001,+1.59600000000000E+001,+8.46500000000000E+001,+5.79300000000000E+001
"D170410C",+000006743.584992,+00000000518.701886,+000006447.782740,+00000000245.750612,+000000000070.734840,+000000000192.952091,+000000000053.140258,+000000000000.004130,+1.02768820000000E+007,+1.25970000000000E+005,+5.60950000000000E+005,+1.20180310000000E+007,+9.10914000000000E+005,+3.05045810000000E+007,+2.11000000000000E+000,+7.58000000000000E+000,+5.04000000000000E+000,+3.47000000000000E+000,+2.00000000000000E-001,+1.55400000000000E+001,+9.05600000000000E+001,+5.90300000000000E+001
"D170324H",+000006752.320979,+00000000516.999649,+000006455.101173,+00000000244.020228,+000000000069.205820,+000000000184.979776,+000000000051.185897,+000000000000.004825,+1.02780130000000E+007,+1.26469000000000E+005,+5.61618000000000E+005,+1.19548310000000E+007,+9.28946000000000E+005,+3.10432120000000E+007,+2.15000000000000E+000,+7.83000000000000E+000,+5.29000000000000E+000,+3.78000000000000E+000,+2.30000000000000E-001,+1.56500000000000E+001,+8.74800000000000E+001,+5.96400000000000E+001
"D170321A",+000006759.075711,+00000000526.589634,+000006463.058254,+00000000253.795033,+000000000070.523576,+000000000207.474279,+000000000054.780916,+000000000000.004893,+1.02792710000000E+007,+1.26773000000000E+005,+5.62559000000000E+005,+1.23697080000000E+007,+9.29481000000000E+005,+3.14866080000000E+007,+2.05000000000000E+000,+7.64000000000000E+000,+5.10000000000000E+000,+3.67000000000000E+000,+2.30000000000000E-001,+1.53700000000000E+001,+1.82280000000000E+002,+5.85300000000000E+001
"D170327A",+000006769.820206,+00000000522.151806,+000006471.567849,+00000000248.879311,+000000000069.187337,+000000000198.751121,+000000000055.066225,+000000000000.004846,+1.02768660000000E+007,+1.25962000000000E+005,+5.60911000000000E+005,+1.22438300000000E+007,+9.02402000000000E+005,+3.18535970000000E+007,+1.90000000000000E+000,+7.25000000000000E+000,+4.71000000000000E+000,+3.51000000000000E+000,+2.00000000000000E-001,+1.46000000000000E+001,+8.17100000000000E+001,+5.87300000000000E+001
"D170202A",+000006771.876601,+00000000517.729207,+000006475.031144,+00000000244.708487,+000000000070.418815,+000000000191.971513,+000000000054.430696,+000000000000.005007,+1.02775440000000E+007,+1.26198000000000E+005,+5.61359000000000E+005,+1.21668460000000E+007,+9.37233000000000E+005,+3.04451150000000E+007,+1.82000000000000E+000,+7.31000000000000E+000,+4.78000000000000E+000,+3.18000000000000E+000,+2.00000000000000E-001,+1.43500000000000E+001,+8.63400000000000E+001,+5.94500000000000E+001
"D170406A",+000006777.566056,+00000000518.586073,+000006480.418843,+00000000245.655622,+000000000070.463240,+000000000186.826026,+000000000053.131397,+000000000000.004980,+1.02787210000000E+007,+1.26683000000000E+005,+5.62123000000000E+005,+1.18025040000000E+007,+9.05255000000000E+005,+3.32539110000000E+007,+1.85000000000000E+000,+7.52000000000000E+000,+4.98000000000000E+000,+3.48000000000000E+000,+2.00000000000000E-001,+1.47700000000000E+001,+9.13400000000000E+001,+5.84100000000000E+001
"D170415C",+000006786.904768,+00000000519.390689,+000006490.214250,+00000000247.243934,+000000000071.506539,+000000000195.245575,+000000000053.666223,+000000000000.003616,+1.02798060000000E+007,+1.26944000000000E+005,+5.62889000000000E+005,+1.21387200000000E+007,+9.19192000000000E+005,+1.52540710000000E+007,+2.10000000000000E+000,+7.45000000000000E+000,+4.91000000000000E+000,+3.59000000000000E+000,+2.00000000000000E-001,+1.51800000000000E+001,+8.65900000000000E+001,+5.86900000000000E+001
"D170214A",+000006791.959196,+00000000522.952150,+000006495.835371,+00000000250.116496,+000000000070.508523,+000000000188.643002,+000000000051.717473,+000000000000.005134,+1.02804090000000E+007,+1.27255000000000E+005,+5.63224000000000E+005,+1.22376600000000E+007,+9.33551000000000E+005,+3.06057320000000E+007,+1.81000000000000E+000,+6.99000000000000E+000,+4.46000000000000E+000,+3.37000000000000E+000,+1.40000000000000E-001,+1.39300000000000E+001,+1.83660000000000E+002,+5.82600000000000E+001
"D170209C",+000006832.555569,+00000000526.923996,+000006539.052132,+00000000254.306651,+000000000070.303722,+000000000191.370190,+000000000052.854260,+000000000000.004760,+1.02799440000000E+007,+1.27088000000000E+005,+5.62894000000000E+005,+1.27841700000000E+007,+9.65726000000000E+005,+3.05590380000000E+007,+1.79000000000000E+000,+7.12000000000000E+000,+4.61000000000000E+000,+3.19000000000000E+000,+2.00000000000000E-001,+1.40700000000000E+001,+1.79010000000000E+002,+5.87600000000000E+001
"D170404A",+000006842.300710,+00000000524.847003,+000006544.211598,+00000000251.747366,+000000000070.021906,+000000000206.330788,+000000000053.843392,+000000000000.005127,+1.02786970000000E+007,+1.26561000000000E+005,+5.62170000000000E+005,+1.23088000000000E+007,+9.33691000000000E+005,+3.06893530000000E+007,+1.71000000000000E+000,+7.33000000000000E+000,+4.80000000000000E+000,+3.28000000000000E+000,+2.00000000000000E-001,+1.39900000000000E+001,+8.29800000000000E+001,+5.86200000000000E+001
"D170405A",+000006861.256658,+00000000528.865381,+000006563.896953,+00000000255.881026,+000000000071.123055,+000000000216.461940,+000000000056.086240,+000000000000.005145,+1.02790210000000E+007,+1.26685000000000E+005,+5.62378000000000E+005,+1.26766230000000E+007,+9.09143000000000E+005,+3.16763600000000E+007,+2.06000000000000E+000,+7.66000000000000E+000,+5.12000000000000E+000,+3.52000000000000E+000,+2.30000000000000E-001,+1.52300000000000E+001,+8.74700000000000E+001,+5.90200000000000E+001
"D170311C",+000006879.916372,+00000000527.793018,+000006583.879319,+00000000254.660507,+000000000070.203059,+000000000195.768895,+000000000053.144209,+000000000000.004870,+1.02792370000000E+007,+1.26846000000000E+005,+5.62444000000000E+005,+1.26013060000000E+007,+9.47156000000000E+005,+3.14931580000000E+007,+2.53000000000000E+000,+7.61000000000000E+000,+5.04000000000000E+000,+3.71000000000000E+000,+2.00000000000000E-001,+1.62100000000000E+001,+1.97870000000000E+002,+5.84000000000000E+001
"D170311A",+000006880.938297,+00000000526.599493,+000006585.981900,+00000000253.937145,+000000000069.551793,+000000000191.625469,+000000000052.167713,+000000000000.003730,+1.02793020000000E+007,+1.26879000000000E+005,+5.62476000000000E+005,+1.28080840000000E+007,+9.63383000000000E+005,+3.02908660000000E+007,+1.76000000000000E+000,+7.25000000000000E+000,+4.73000000000000E+000,+3.26000000000000E+000,+2.00000000000000E-001,+1.42100000000000E+001,+1.77770000000000E+002,+5.83000000000000E+001
"D170331A",+000006897.086094,+00000000529.217564,+000006604.054808,+00000000255.967038,+000000000070.017016,+000000000196.028404,+000000000054.141727,+000000000000.004885,+1.02817090000000E+007,+1.27645000000000E+005,+5.64136000000000E+005,+1.28179690000000E+007,+9.71746000000000E+005,+3.07337920000000E+007,+2.37000000000000E+000,+8.50000000000000E+000,+5.92000000000000E+000,+4.65000000000000E+000,+2.30000000000000E-001,+1.70700000000000E+001,+9.19100000000000E+001,+5.90800000000000E+001
"D170410A",+000006918.411925,+00000000545.485764,+000006621.166008,+00000000271.959300,+000000000072.797379,+000000000230.792763,+000000000057.567212,+000000000000.003909,+1.02850550000000E+007,+1.28719000000000E+005,+5.66365000000000E+005,+1.22719730000000E+007,+9.21621000000000E+005,+3.11876750000000E+007,+2.07000000000000E+000,+7.40000000000000E+000,+4.86000000000000E+000,+3.43000000000000E+000,+2.00000000000000E-001,+1.49900000000000E+001,+8.41400000000000E+001,+5.94600000000000E+001
"D170407A",+000006921.216309,+00000000526.593597,+000006629.307076,+00000000253.357605,+000000000071.377727,+000000000192.285223,+000000000056.163931,+000000000000.005034,+1.02786640000000E+007,+1.26670000000000E+005,+5.62037000000000E+005,+1.28055720000000E+007,+9.69602000000000E+005,+3.03939120000000E+007,+1.63000000000000E+000,+7.13000000000000E+000,+4.62000000000000E+000,+3.26000000000000E+000,+2.00000000000000E-001,+1.37600000000000E+001,+8.41900000000000E+001,+5.90700000000000E+001
"D170410C",+000006941.266713,+00000000526.292154,+000006647.614499,+00000000253.227408,+000000000070.734840,+000000000192.952091,+000000000053.140258,+000000000000.004130,+1.02786220000000E+007,+1.26643000000000E+005,+5.62037000000000E+005,+1.29354330000000E+007,+9.69337000000000E+005,+3.05045810000000E+007,+2.11000000000000E+000,+7.58000000000000E+000,+5.04000000000000E+000,+3.47000000000000E+000,+2.00000000000000E-001,+1.55400000000000E+001,+9.05600000000000E+001,+5.90300000000000E+001
"D170325A",+000006941.608878,+00000000525.011418,+000006649.152925,+00000000252.384082,+000000000070.309235,+000000000191.041891,+000000000053.052769,+000000000000.004908,+1.02776660000000E+007,+1.26343000000000E+005,+5.61418000000000E+005,+1.29871950000000E+007,+9.76139000000000E+005,+3.13002880000000E+007,+1.77000000000000E+000,+7.11000000000000E+000,+4.58000000000000E+000,+3.37000000000000E+000,+2.00000000000000E-001,+1.39800000000000E+001,+8.36200000000000E+001,+5.87800000000000E+001
"D170411A",+000006946.798268,+00000000525.580007,+000006652.307674,+00000000252.497609,+000000000070.296441,+000000000196.673331,+000000000055.331664,+000000000000.005096,+1.02784020000000E+007,+1.26576000000000E+005,+5.61874000000000E+005,+1.29718140000000E+007,+9.72334000000000E+005,+3.11729240000000E+007,+2.28000000000000E+000,+7.91000000000000E+000,+5.35000000000000E+000,+3.93000000000000E+000,+2.30000000000000E-001,+1.61800000000000E+001,+9.56800000000000E+001,+5.90400000000000E+001
"D170202A",+000006949.136741,+00000000523.926828,+000006655.404873,+00000000250.938197,+000000000070.418815,+000000000191.971513,+000000000054.430696,+000000000000.005007,+1.02777610000000E+007,+1.26369000000000E+005,+5.61459000000000E+005,+1.29461420000000E+007,+9.87104000000000E+005,+3.04451150000000E+007,+1.82000000000000E+000,+7.31000000000000E+000,+4.78000000000000E+000,+3.18000000000000E+000,+2.00000000000000E-001,+1.43500000000000E+001,+8.63400000000000E+001,+5.94500000000000E+001
"D170329A",+000006950.994028,+00000000526.144379,+000006656.696369,+00000000252.953864,+000000000070.196312,+000000000195.396158,+000000000054.780983,+000000000000.004903,+1.02785950000000E+007,+1.26637000000000E+005,+5.62016000000000E+005,+1.29036860000000E+007,+9.76789000000000E+005,+3.05677600000000E+007,+2.01000000000000E+000,+9.06000000000000E+000,+6.48000000000000E+000,+4.98000000000000E+000,+2.30000000000000E-001,+1.67600000000000E+001,+9.87800000000000E+001,+6.12300000000000E+001
"D170327A",+000006986.083809,+00000000521.999652,+000006684.864802,+00000000248.819750,+000000000069.187337,+000000000198.751121,+000000000055.066225,+000000000000.004846,+1.02770850000000E+007,+1.26130000000000E+005,+5.61018000000000E+005,+1.22011310000000E+007,+9.10260000000000E+005,+3.18535970000000E+007,+1.90000000000000E+000,+7.25000000000000E+000,+4.71000000000000E+000,+3.51000000000000E+000,+2.00000000000000E-001,+1.46000000000000E+001,+8.17100000000000E+001,+5.87300000000000E+001
"D170321B",+000006986.989752,+00000000524.316652,+000006691.175283,+00000000251.694031,+000000000069.797454,+000000000212.980210,+000000000053.930538,+000000000000.005035,+1.02774370000000E+007,+1.26159000000000E+005,+5.61331000000000E+005,+1.26574740000000E+007,+9.34009000000000E+005,+3.18720680000000E+007,+2.25000000000000E+000,+7.75000000000000E+000,+5.20000000000000E+000,+3.69000000000000E+000,+2.30000000000000E-001,+1.60500000000000E+001,+1.82970000000000E+002,+5.91900000000000E+001
"D170321A",+000006992.377099,+00000000533.196486,+000006699.004762,+00000000260.342810,+000000000070.523576,+000000000207.474279,+000000000054.780916,+000000000000.004893,+1.02800120000000E+007,+1.27100000000000E+005,+5.62935000000000E+005,+1.32519740000000E+007,+9.77187000000000E+005,+3.14866080000000E+007,+2.05000000000000E+000,+7.64000000000000E+000,+5.10000000000000E+000,+3.67000000000000E+000,+2.30000000000000E-001,+1.53700000000000E+001,+1.82280000000000E+002,+5.85300000000000E+001
"D170324A",+000007019.857315,+00000000530.797250,+000006728.597364,+00000000257.598477,+000000000070.544399,+000000000207.112589,+000000000054.170146,+000000000000.005042,+1.02772640000000E+007,+1.26172000000000E+005,+5.61158000000000E+005,+1.33883210000000E+007,+9.84580000000000E+005,+3.20166620000000E+007,+2.29000000000000E+000,+7.71000000000000E+000,+5.16000000000000E+000,+3.62000000000000E+000,+2.30000000000000E-001,+1.59600000000000E+001,+9.35600000000000E+001,+5.93300000000000E+001
"D170326B",+000007032.517169,+00000000528.149678,+000006739.051799,+00000000255.087016,+000000000069.605379,+000000000197.476510,+000000000053.135302,+000000000000.005106,+1.02768970000000E+007,+1.26099000000000E+005,+5.60885000000000E+005,+1.31550180000000E+007,+9.71735000000000E+005,+3.14326440000000E+007,+1.83000000000000E+000,+7.29000000000000E+000,+4.76000000000000E+000,+3.37000000000000E+000,+2.00000000000000E-001,+1.43700000000000E+001,+8.64800000000000E+001,+6.13800000000000E+001
"D170403A",+000007073.015424,+00000000521.125321,+000006782.579506,+00000000247.988907,+000000000034.067447,+000000000235.088846,+000000000021.261100,+000000000000.005403,+1.03176100000000E+007,+1.29182000000000E+005,+5.98756000000000E+005,+1.27450320000000E+007,+8.56742000000000E+005,+3.12536470000000E+007,+1.78000000000000E+000,+7.18000000000000E+000,+4.65000000000000E+000,+3.26000000000000E+000,+2.00000000000000E-001,+1.42100000000000E+001,+8.44100000000000E+001,+6.02800000000000E+001
"D170404A",+000007080.452518,+00000000531.626600,+000006785.387322,+00000000258.563455,+000000000070.021906,+000000000206.330788,+000000000053.843392,+000000000000.005127,+1.02790150000000E+007,+1.26799000000000E+005,+5.62263000000000E+005,+1.31898510000000E+007,+9.81646000000000E+005,+3.06893530000000E+007,+1.71000000000000E+000,+7.33000000000000E+000,+4.80000000000000E+000,+3.28000000000000E+000,+2.00000000000000E-001,+1.39900000000000E+001,+8.29800000000000E+001,+5.86200000000000E+001
"D170410A",+000007163.448325,+00000000551.875702,+000006866.908574,+00000000278.264936,+000000000072.797379,+000000000230.792763,+000000000057.567212,+000000000000.003909,+1.02860590000000E+007,+1.29103000000000E+005,+5.66991000000000E+005,+1.31338640000000E+007,+9.68745000000000E+005,+3.11876750000000E+007,+2.07000000000000E+000,+7.40000000000000E+000,+4.86000000000000E+000,+3.43000000000000E+000,+2.00000000000000E-001,+1.49900000000000E+001,+8.41400000000000E+001,+5.94600000000000E+001
"D170405A",+000007164.339184,+00000000537.104547,+000006871.614687,+00000000264.042330,+000000000071.123055,+000000000216.461940,+000000000056.086240,+000000000000.005145,+1.02794370000000E+007,+1.26898000000000E+005,+5.62618000000000E+005,+1.36309690000000E+007,+9.59145000000000E+005,+3.16763600000000E+007,+2.06000000000000E+000,+7.66000000000000E+000,+5.12000000000000E+000,+3.52000000000000E+000,+2.30000000000000E-001,+1.52300000000000E+001,+8.74700000000000E+001,+5.90200000000000E+001
"D170410D",+000007171.419555,+00000000503.756798,+000006876.464335,+00000000231.374357,+000000000062.993092,+000000000132.327453,+000000000050.753984,+000000000000.006208,+1.02764810000000E+007,+1.25831000000000E+005,+5.60632000000000E+005,+1.10946770000000E+007,+8.37612000000000E+005,+2.90444560000000E+007,+1.64000000000000E+000,+6.89000000000000E+000,+4.38000000000000E+000,+3.10000000000000E+000,+1.40000000000000E-001,+1.35400000000000E+001,+1.76630000000000E+002,+5.80000000000000E+001
"D170321B",+000007184.314674,+00000000531.343905,+000006890.504185,+00000000258.646195,+000000000069.797454,+000000000212.980210,+000000000053.930538,+000000000000.005035,+1.02780160000000E+007,+1.26417000000000E+005,+5.61661000000000E+005,+1.35427980000000E+007,+9.91685000000000E+005,+3.18720680000000E+007,+2.25000000000000E+000,+7.75000000000000E+000,+5.20000000000000E+000,+3.69000000000000E+000,+2.30000000000000E-001,+1.60500000000000E+001,+1.82970000000000E+002,+5.91900000000000E+001
"D170410D",+000007343.566703,+00000000507.194272,+000007046.172110,+00000000234.719156,+000000000062.993092,+000000000132.327453,+000000000050.753984,+000000000000.006208,+1.02782090000000E+007,+1.26518000000000E+005,+5.61709000000000E+005,+1.14887550000000E+007,+8.69887000000000E+005,+2.90444560000000E+007,+1.64000000000000E+000,+6.89000000000000E+000,+4.38000000000000E+000,+3.10000000000000E+000,+1.40000000000000E-001,+1.35400000000000E+001,+1.76630000000000E+002,+5.80000000000000E+001
"D170403A",+000008112.124037,+00000000440.389239,+000007791.990937,+00000000167.576046,+000000000034.067447,+000000000235.088846,+000000000021.261100,+000000000000.005403,+1.02844870000000E+007,+1.28197000000000E+005,+5.66735000000000E+005,+1.98974200000000E+006,+2.91469000000000E+005,+3.12536470000000E+007,+1.78000000000000E+000,+7.18000000000000E+000,+4.65000000000000E+000,+3.26000000000000E+000,+2.00000000000000E-001,+1.42100000000000E+001,+8.44100000000000E+001,+6.02800000000000E+001
"D170322A",+000008878.771476,+00000000522.946812,+000008590.003531,+00000000249.924865,+000000000028.580984,+000000000324.184645,+000000000016.355906,+000000000000.006676,+1.02848490000000E+007,+1.28732000000000E+005,+5.66583000000000E+005,+1.30268340000000E+007,+8.27618000000000E+005,+3.19625470000000E+007,+2.34000000000000E+000,+7.80000000000000E+000,+5.24000000000000E+000,+3.67000000000000E+000,+2.30000000000000E-001,+1.62000000000000E+001,+1.85210000000000E+002,+6.10000000000000E+001
"D170420A",+000010181.145232,+00000000437.764383,+000009868.184823,+00000000165.284186,+000000000031.332129,+000000000299.378382,+000000000019.458718,+000000000000.006623,+1.02825480000000E+007,+1.27094000000000E+005,+5.66123000000000E+005,+9.95673000000000E+005,+2.44116000000000E+005,+1.51491810000000E+007,+1.60000000000000E+000,+7.09000000000000E+000,+4.57000000000000E+000,+3.16000000000000E+000,+2.00000000000000E-001,+1.38700000000000E+001,+8.15100000000000E+001,+5.94000000000000E+001
"D170322A",+000010732.371309,+00000000434.726973,+000010407.735348,+00000000162.157445,+000000000028.580984,+000000000324.184645,+000000000016.355906,+000000000000.006676,+1.02827630000000E+007,+1.26946000000000E+005,+5.66555000000000E+005,+4.10541000000000E+005,+2.09282000000000E+005,+3.19625470000000E+007,+2.34000000000000E+000,+7.80000000000000E+000,+5.24000000000000E+000,+3.67000000000000E+000,+2.30000000000000E-001,+1.62000000000000E+001,+1.85210000000000E+002,+6.10000000000000E+001
